CDKN2A,MGMT,RB1,EGFR,PTEN,TP53,PIK3CA,NF1,PDGFRA,IDH1,AKT1,SOD2,BAX,BCL2,CASP8,CDK4,CDK6,CIC,FUBP1,GAB1,NOTCH1,P53,PIK3R1,RAS,TERT,VEGFA,ATRX,BRAF,MAPK1,SOX2,STAT3,TGFBR2,XPO1,MET,NFKBIA,PDGFB,PIK3CG,RICTOR,STK11,MDK,OLIG2,PDPN,PROM1,PTPRZ1,QKI,RBPJ,RELA,YAP1,ZEB1,MDM2,patient_id
8.566943600720187,9.521099837904284,14.369004679934351,12.272040665489534,10.904470366636886,11.251669676782196,15.633539249397877,11.08842980440124,10.676452629342949,6.8280823040316,14.967616747775502,10.212629049831833,11.572429628576206,15.511300380716602,10.757246171779467,7.9987096020255954,5.14569234967731,8.575214931924089,7.548172659553863,15.888874095825525,11.38161797811366,3.8951493784317597,5.910751626130925,10.241894800483239,11.958448991571231,14.074368826066998,7.30084241247654,11.895218891248813,13.033557494956028,15.02592288369961,11.161963535152935,7.094273108835523,8.1186370035082,14.744948093118547,7.4909736387228,13.364592352381308,7.937302271902274,14.394130397120552,5.551841061021027,11.614793957043398,14.309203241796592,11.588405991244933,6.140724533368857,3.96437469148795,9.85292395613838,8.381295159761942,6.744067738108985,15.653929570493506,7.689117344737528,7.206962539696663,patient_1
7.201237343099491,12.517293727028674,6.331296055088926,9.536388779956466,7.282772141114416,9.724734576170103,9.375238177794891,10.542276629850107,7.69374670584411,11.17830987740905,11.858852333495523,9.465752356325495,13.62085301053964,7.221960039997509,4.166104191774549,12.100732046264495,11.30154061186381,12.47585679572066,12.572481102703371,4.789601334837093,12.511918883841545,7.064045967787772,7.108265215682882,8.739062430632092,15.00966444084244,2.9313504348608155,8.458585479505619,12.278692994571403,10.670287235360327,12.192046945058385,2.262765209219485,6.7289225246330195,7.744947447367152,12.090649522991384,3.481761328467762,8.51327493153364,11.865134300438129,4.758707101659624,13.994137122114443,12.775632036195312,16.659670653239584,4.36546499437626,2.845325014125602,11.756880173293403,10.130739334901175,12.969126535446712,7.115248117322503,12.653177374559764,12.162391322828803,13.32482271264011,patient_2
11.0779185715947,6.149205673861646,11.937611469002785,7.964045377183676,15.631993369731884,7.8089594967902,9.221247753216486,11.714482100215518,8.352448862368322,15.319447611420934,5.7056243087141105,5.641530891933634,10.904615712016133,4.503470987618848,8.502876624353899,7.862152690302342,6.172935737670697,12.663134099594004,3.0963165638321097,4.263732240805203,13.893052832835995,8.998628504970357,3.4697401300731054,6.982214579898897,5.553580992508338,16.164528108724884,5.037479668003393,14.412139804329682,13.534135491823557,9.634619950948835,15.85639711164006,11.598252066473934,18.12848039816688,5.654858433147781,14.920830845499339,12.205771594743053,9.312559810952912,16.604735788005808,10.48061149225531,9.863409030716706,6.824275670137533,12.100422053154608,10.587730695418445,14.74383665606656,8.574561974841352,14.075093314176378,9.918180216860751,9.427447704135007,5.812135610129629,9.723098443391503,patient_3
17.10017353398996,4.558378078675038,3.8924409277068386,13.175119323499079,13.597512981210182,9.873494839287805,6.9956983279608185,3.9356709688746796,10.111246340101255,13.04306168784492,10.10388144710789,7.311810675783746,8.709786796816928,8.26617496507785,9.057880814577338,11.015335845601268,13.058887754084052,14.705881488627488,0.8606498973552519,17.774552184422323,13.959384483102063,12.96982844269535,9.981455917141442,11.444337589174694,7.133433792828339,4.914760486915814,7.186430742973897,6.8023486232632155,10.688323519998077,15.709169966184074,11.171378024083957,5.264335331652724,14.252409180189247,14.344485085769428,11.754478895514021,16.075571106542238,10.391461213781557,13.483497945722219,5.925830043172215,11.14345533942591,9.176789419378734,5.296626192783967,3.623085163041616,8.87357020001187,12.34890665798898,13.189249198236991,6.482330209427834,9.986727435433865,10.122570310724333,9.296612106637701,patient_4
10.108869598154536,10.532816873489315,6.498975868083991,1.2738401127187204,14.298477003500114,9.637594599334657,4.852550381741084,7.23458093237428,4.559234557816121,10.69666192646496,11.646623243108195,7.60430881699313,10.42010846026292,8.240774381665899,13.23817576252827,16.848005461553658,7.5232075674360175,14.091260971160015,6.812883050544733,9.769891993298009,12.761590941564805,16.289322204153414,13.363541765949986,7.438005278083375,9.951685193765574,7.758754092073588,6.046987024830342,8.594349265698588,6.525915273437237,10.06824779516857,9.838736268438328,8.557040295361002,13.67892950276936,8.285283773213468,7.934984767016568,4.811961058135773,7.116492951749856,6.519474641559558,5.831690917891628,11.39678175766374,10.744251189846148,11.064386603857322,9.619371059204815,9.823294952723456,14.405217963557437,10.933184276409118,13.548371843599849,6.686193259432268,9.66746436655222,14.15156166709068,patient_5
4.948335887374768,8.191309511829736,11.502812887053283,10.739115254321614,10.151458262378288,12.030306652887267,3.790876986911724,8.114354870472523,10.842053586188808,10.312523385429463,13.030465238209231,14.819252776682792,14.195251133360305,16.012678354216757,9.75665513581329,12.930416156077492,9.941010409321065,10.086224220718377,16.116470440680665,4.71052520751061,15.50620600996943,5.215523971060622,7.083007126730068,8.052993632678467,13.377945584758383,15.429331747398418,15.638386519868149,10.955703301047626,9.756252265696457,14.144265056517394,11.04470105580889,8.498208540787232,9.404868191421102,15.155304355734435,9.973514613565714,9.885486716391005,8.292612614211299,12.400411385646342,4.525650090953623,10.9809238005846,13.68841986621356,6.03971017765994,4.693104147029427,12.203657537908278,16.198477369461408,9.237581535741908,13.384838146664345,8.91972935742108,7.831441059413307,8.862053147812656,patient_6
5.913980489758032,6.771473558512758,10.463477628806164,8.064659314802915,4.663686469534408,10.689548733003113,18.040299177624135,10.051479856932716,5.8014097588733415,5.582324637442781,17.65071172629496,10.553644147462677,7.535731860462373,9.043961244758748,11.95485388128682,12.620931687337144,6.276810607383304,3.410072630449373,18.060181988958778,6.907323832477167,14.99021651834777,14.060486209776164,11.9158277355455,9.034136814855453,4.910123416979122,11.390232386695864,16.494997162080168,15.830016295605175,6.3677314181663975,9.972160517611258,14.077281142509188,11.126240933304558,14.137602080454245,8.559261077576624,7.4402705194774965,12.581133231155572,13.421808885542347,8.54223365807326,7.3678784495183685,12.111633892864772,11.81378162881824,8.001336666266472,16.237229851830353,6.955705360829537,10.167283164090815,2.814344371856766,12.80125302504414,15.13856537227764,5.06082889400586,1.536190754372694,patient_7
2.24351561857405,8.08001786995315,6.952277287525772,6.049392170475306,9.135167187480684,16.760384635101637,4.491892886534881,12.494339513250134,6.537397972838507,9.975951132360791,6.813864938740999,2.5404827804708345,2.7693782743427207,5.904638056102737,5.564293405949071,9.456340783793639,11.342933757601568,10.744279264464229,11.076444528761298,5.994390362343406,2.7076600037090497,9.923736866764473,9.182970989860198,4.488747070003432,11.52739154144232,9.679297454373188,7.53878257573945,9.691218735291061,13.923384666527001,6.595496184212754,14.235642126370506,17.966552713948616,7.7710989215476465,5.710480104493424,8.384879544380144,11.83231740485476,13.63017376632016,3.4135445083362885,6.981604588014876,6.964851148682518,8.767150714477113,6.292140265973027,7.218591617446561,11.288554952928815,12.287683286324478,11.057658895982467,15.540816385197143,10.309059067706682,7.912662577851442,7.280127820339713,patient_8
2.306593983421966,11.405140653339553,8.854304297864086,12.113034201833537,15.50240649179036,13.3186809689728,7.702452131906081,5.283911323645334,14.356861369577599,8.45527852666651,6.5326815374792755,13.785488324777935,13.113593509273421,9.227102740069427,4.674182135352699,5.994827377269209,11.467121412896633,13.396557767716882,3.305477311329801,3.449876928492043,13.958301408535084,11.328290194494564,12.393271004516563,12.814193223876321,6.926272237648191,13.499291028744851,7.257224879123069,10.129457908846403,11.336850116369964,9.648206479120896,17.716572739628315,10.528503053941309,7.767089261463052,8.159786981929235,6.193435174476218,9.567210508980077,3.4704614039653094,7.502176434917779,7.789174181303435,14.424479204000836,11.370674462739874,12.193312561441079,7.927649868583638,4.966552536199542,13.251644677813264,11.059029339469438,7.07976642787891,11.642573772177476,15.779955170448565,9.24844202900649,patient_9
9.476866844163704,9.109299071546097,10.846731506228638,11.947366524056946,3.609327689875225,2.374298380152018,8.451944718355016,9.667759168335518,12.031498981030282,6.417875294803684,6.188481261164142,5.018446148080429,14.20481969636617,6.3130040345754335,13.514981859076617,5.107454609228221,9.431558623360827,7.131642168424482,12.595572225909201,10.686436309435328,8.385192753364812,15.31579227960535,12.582546649657704,10.911915379171628,12.332130128040696,7.810829362255796,10.764264686561592,8.226105043935853,3.7232863078022915,12.83362350127462,10.889757995192678,10.746574952676191,12.258447220250147,15.624180930853884,17.388283376166505,6.667978313765233,6.198916496410833,5.47201747884652,4.395609908991657,4.276872618156096,7.5581102634100725,10.17564815001803,8.968770728796034,7.128247015111495,13.503942407522217,1.1962878722756694,7.350179975337317,13.268619338564603,14.546887401460086,11.545429927471075,patient_10
12.183205509510472,9.309535273142025,10.165353526697956,7.3889593057645495,8.258403114620826,3.040302907630647,8.474542443560292,6.509784279301192,12.830836241485404,13.049246944536169,9.992948964179638,11.290245658151315,9.81637526709074,14.194343128449574,14.333770077851948,4.840499866375593,10.042917677129443,7.901278786539428,10.173645278966482,16.53510344376105,3.6069675555612037,13.924344096446331,7.454771498478097,13.9462224547612,7.27837408100387,8.829966471030115,6.707624864655407,11.635109578966103,7.929112556199993,16.116812714598314,12.341496736827276,15.137254669555357,16.827358711486397,6.12467852054044,6.487255580509287,4.711580293257279,10.51332399219616,7.144169434076391,3.0415606706535945,4.747774747196039,5.160883661892648,8.746561367776213,5.926510930707085,16.839631289069505,11.540600362089759,10.749029608224394,8.414282547882916,8.473574819719136,13.506832670774493,5.752323681898196,patient_11
12.975183278169613,8.484707424443112,10.357966124242989,3.8703838456614186,13.405007815966414,4.919726876156803,12.95999721985299,4.681563527706553,8.510041180714122,3.6326964100613837,11.606527929964631,6.630081249792621,5.870938672896298,14.030574234715754,5.555410225348977,13.274929729106505,13.81193782707615,8.688313234674709,7.829287385029092,7.308173610804005,8.87105852674448,7.070912559928957,5.368529526455681,7.780862641506664,10.82201892861947,10.866745795182943,8.193702721437454,9.753330098833253,9.063276671458533,4.952174469225051,13.390746005564935,5.604204178962799,8.140639805761056,1.769985598482437,14.19240930040964,12.153686932710714,8.99330571735188,11.170214669968122,8.588195556309268,8.858924955637322,6.106737841662532,2.52837869691394,9.872113399011235,13.599086997447724,5.790632580683392,3.990159655558254,3.7308884562740348,8.675224935160761,13.747028812352434,9.747492244818025,patient_12
5.10243280549034,3.0465877030237696,14.092231461329673,7.528180385034059,11.03517068535632,7.361198342162917,11.787581032730866,10.65149248066268,4.700725563658882,6.92304229330534,5.035080906545951,6.410653363103719,6.055853149216521,8.864191823297812,14.050075672172314,15.857757978903486,9.676168024638844,9.344867958856891,12.852832592345461,6.336712189138172,5.857037749124149,6.640643847114802,10.306565911412118,3.6806145057521613,11.624570998863476,8.272908870434918,9.312999755194408,5.10770431219064,9.556286421564486,14.780668134448494,8.023109930983914,12.703169782226652,9.646961885159262,13.944908860607882,11.312649072140513,11.278361376891919,4.815056118820804,3.4655118551259716,3.0833901372149315,10.167405877845617,5.279107632433069,9.330448814153737,9.114778680139892,15.012937240230166,13.950878640942816,8.005557996618062,6.581938391696938,6.059132936560584,8.213225188064218,4.809108615413104,patient_13
5.882075383616924,6.506083306180779,6.1530874046217185,11.703245704141587,9.849809317225843,10.2563836862302,7.9194826908579925,8.29805161334449,15.824876776904642,16.09515171157775,11.775019384322281,8.46806436212025,12.012569055167944,15.027433793984535,9.43919846875307,13.33225500235118,11.24147104313418,10.863776232211483,5.630345827072838,12.265585805158423,8.613222412930414,8.941418100371939,13.028565049271876,14.284724636468562,11.931241345609878,11.20100267077336,10.384916125671612,3.8480053160210534,7.509471260635038,7.598766536811009,13.93350817570541,11.446561145773893,8.783297600971583,7.162357625697048,13.12265762573207,6.674444280882927,16.029779552261456,12.198019163292948,11.265179239514453,8.061822125106245,10.118090685863649,8.234222868598788,9.43598027603459,6.827988402903648,10.32818551498025,9.524445191963483,1.204795622828243,11.47522935801167,6.162141619488225,5.891139124583463,patient_14
10.53616692500084,11.022761403907559,13.957770794445494,4.526306746661141,5.066704750541912,4.651493283148911,6.512188847705404,6.876681866307941,11.52882912061703,4.258052675350036,8.555012469879026,6.66571540819249,13.005576187121486,14.407569642923072,4.741869973674305,4.623585337443049,17.080281052136804,12.534495125219593,12.331866090461048,3.7872246430903878,6.44429911760365,8.463884341382835,9.97574112273582,4.635349561470301,10.207491601774226,6.333071705459126,11.935436851334533,5.208031236143521,6.925191156911226,8.591721029866877,10.009878713126367,16.683997224237498,9.690998852332587,10.117097498553651,13.057956062062317,6.323197185137562,16.8452909186078,6.463876061594983,9.74528476795492,5.093101431003631,10.471659781558818,15.554501991372218,15.162071167438846,7.690682227683875,6.700252501178493,9.521084638877108,11.675692492782822,9.486920191312906,5.828442419257175,6.80556150315807,patient_15
10.271083231009518,12.862332844508293,7.167038559982754,13.798941223229493,14.77745564474618,8.819894430032836,9.470221754357961,11.054654567206184,5.600225173463492,13.338093819561605,8.645774793952523,17.801417860224213,13.37346056124547,7.941674751835037,7.495794396706647,11.058006141905736,8.787027481277779,13.176609094192147,3.8931562203728114,5.700415355260496,12.79616640552486,13.811682641538557,17.271990754516867,8.73293252130426,11.987391031312596,11.247287806834343,13.395969259106101,14.146722602571582,10.522284594194524,9.795803547784843,9.064519758159625,10.410438396030552,9.687940774872775,15.393206843998597,9.663392436172181,8.76211387631543,8.530781760452541,8.604576236101256,4.07905411068891,6.884004138187713,14.130267112725353,12.180553709460536,4.694858899536324,12.894958535593094,5.81816717953606,8.269571307183474,14.338310505958194,7.718805309722951,10.870184846993313,10.668783376485345,patient_16
9.211545610838334,16.045531988484456,11.11452071643309,9.53053532087691,13.828992020201065,8.364053836349473,5.274233888493825,6.990399531690249,8.639105781548434,8.246628280612667,16.56351233968716,13.014041807210049,9.714408482030878,17.468494543919448,14.917374359319497,16.15515924127153,15.322216242427997,7.4289331838139985,5.0066034078319515,11.644886654503626,11.976712074756124,12.510785503507316,10.684786364842722,9.352926893867597,14.771383245993666,4.933576005121772,14.636714581542478,11.776130608226792,8.493615094448062,11.177840412875875,15.164644399921777,9.041961427485607,13.126402956943625,12.868232328716724,7.503628591758254,5.2681877729806486,6.3440217307928854,10.474224679806857,8.041144669117092,13.127597221593211,6.106888948940135,6.776744195966941,15.208139876124736,9.00035894263156,13.951865255571091,9.620079607459077,15.399409459614441,5.301730371286569,6.915322705882374,8.076560252906994,patient_17
14.172135178891626,5.568997031546206,7.015836718408542,11.184827628331403,11.997185069943379,7.326051334695598,8.730733225665237,8.408030883665194,11.446797369134899,3.5680150493757847,12.080367631083615,8.267444122930701,6.054322874929466,8.908771942155639,11.539108358878106,16.617970071159892,10.118134419880969,6.038112902087331,10.747190179318704,11.521448808148701,3.2544575333951586,10.232605655789222,11.59789076645917,7.815752194977097,11.006451704263341,2.9412166951635075,6.4108875169556665,8.174127195590554,13.644887498558983,4.795501051539887,12.189830424766338,8.680695501255151,8.065439593246062,12.175937301497829,8.890622274817906,9.5038431963364,12.485950399042494,12.8165733115504,15.267347266082874,8.1910263127178,15.443167863204181,7.339791126247196,14.82780855819383,14.981111928822676,6.199145714130212,17.217647817780755,10.155720900455712,9.7316109312353,10.55837108138797,10.42822982588846,patient_18
12.298462548372587,8.700791299151048,3.9035541960169016,17.02873207760128,9.865201122543791,12.155970173389004,12.584166540147246,14.901323296885588,5.4948438589198085,8.17136496294685,3.3860672348481957,4.448499703385996,10.217854379130323,14.61152529318093,5.34774099266112,18.65802226751322,16.82368328884759,9.5320171905859,7.451323021014193,8.262875982224283,7.5888795949139265,6.500354398033109,10.685241220243013,6.318554111748839,5.1613115867110855,18.103194552407324,13.157659362824045,15.502229381713585,8.222463796046915,8.164599838738395,9.545193606054678,6.200211231531075,8.778071399807203,10.36686128098292,7.164064454398021,9.065085916358612,13.181840592790692,6.689341957212189,3.8794832408031454,9.88080954333096,12.91063662492357,4.2678185539612965,12.77333615595758,12.670993988100026,15.695911722353436,7.905440008009753,6.6886829826958145,9.236738380739927,8.199339504260193,11.347626627492335,patient_19
12.524422759201064,10.224072865577405,14.774920095491774,13.246908207229882,7.117111675247201,10.61216824420966,13.997580104625174,13.501144736380066,12.096438031172976,9.279744652561913,7.3636383076155845,10.234553432028866,8.302988147299537,14.24786575753038,5.291732912385777,11.116678767470903,15.415115704330601,10.045307772301133,8.451167400386659,8.432576923581903,13.840411948220467,13.076940824555873,8.460162481709345,7.828406983715539,16.085147529512945,8.338020591938594,8.234398386579738,13.215575190971933,13.291407576391787,17.015408779057246,11.778832792033025,14.93546990612666,11.06066654859967,11.855660254823388,16.192607873467775,14.96622631902409,7.852259374709069,5.766126272998667,6.611992707146038,4.909711378254075,11.644676751602493,13.079548460188075,10.87717775130269,7.428877628480738,10.487617881723374,5.539195324719365,7.096697568621717,7.869813289973344,13.863638931150854,6.75443707158705,patient_20
13.292169697207067,14.129515002222,9.51743194033111,14.1397180539566,8.58456267108238,4.779337268819695,7.3446986636227996,5.272199357953262,5.3325150974161,6.729739766829945,9.355570486537275,12.458850619807905,12.808784647492539,6.150008590972942,15.543625627629625,10.758747662121834,11.923678456304776,5.250493349537191,12.345112992016812,16.30652592236379,11.679955532864994,7.941577391431903,12.776649710537294,9.870679623180285,8.112654819491874,7.658858664951952,10.165811147064389,13.629883059284928,13.566390266982575,6.901342346986371,14.645703189528811,7.845270783134261,14.359675264758458,15.024842714173342,18.564017828225122,12.572406565352358,8.098741439053327,11.489362282585232,8.592345025984855,12.001594384469602,11.990124282906656,12.900797401673236,10.630002958285115,10.23868879788172,3.8900179511638484,6.300212458659038,11.154194615779907,10.724338505041123,15.481787405636254,5.17944840066856,patient_21
10.076834031661578,4.315273338542054,13.097965624401871,9.003363374172212,5.366239147207193,9.926226996711979,13.906566781239338,11.4123878748262,12.079334775582133,6.870473521147153,6.018103590345883,4.390833520975794,7.868937916812175,3.8673958152792456,6.842293302193347,13.5472891365949,13.406958422304806,14.254942954451652,5.233608189152513,5.579661744803852,3.5633914961123483,10.123284445737587,12.446913818867095,8.32037742746304,5.4218156516143505,10.701192509117824,6.705885178502501,9.38751459533493,12.183308824603529,11.251536766957491,4.496586843894846,5.526060372024744,14.537468100836257,7.767987147702609,8.678038121604525,7.036027387814631,4.111117340924378,7.1363297222876,11.319614581870075,5.4869118833549635,11.307321285474822,7.289310096962859,11.065150336137414,11.878329046862781,12.635546321209329,3.303131671822759,15.672192384116054,9.639967205788292,16.469162463122338,12.433374475946364,patient_22
6.901848765266983,13.072615383732149,4.654559343926357,12.06775452364737,10.420784087784757,5.242613378149184,7.5315457880680095,12.789569649008161,14.463981745048915,8.99519501853659,4.308414026060277,7.700019441023807,10.868012103386393,15.05085270769346,8.737442288410382,12.02087847072345,9.0935909221868,16.056205185462485,12.906679330600836,18.580780013468026,8.485423643504756,11.418561017785171,7.427676603502933,8.651614693320655,18.03258133663149,13.870855810704729,15.637177935084969,11.982479921954399,15.318900317243958,9.70928475592913,8.867233944040763,5.797295914224101,13.844256573286719,7.8941672974955,7.198836342509252,13.538732427878664,14.73862891375303,9.617794893493642,6.170923726068175,2.1670944125782325,9.771474683206243,8.493072531493834,15.454623261774543,12.80551090530093,11.878547870600705,11.758760022067213,16.542235330716164,7.602812982852647,13.077697206327993,12.89877110464221,patient_23
17.42593123433089,11.132894561350401,10.125087646435261,17.062063504223005,16.77956343137032,9.776021352202068,8.219477494744211,9.279989248240025,12.931502651362596,10.214927972534449,12.83174333788938,10.288429454858148,9.931083763749118,7.361036387008587,14.122653311416379,15.13316110405353,5.705575454840614,9.960217850442927,14.746384638674044,7.072574895249733,8.981378432749226,17.43328206167054,14.32855555693375,15.403493815652611,10.93753052664829,11.090692801415265,11.600637485219803,11.637134051962779,12.338648307093328,7.112084432959334,15.437204594199713,9.739730097342665,5.759456238140841,6.702706545807989,9.308701067615253,12.78043992361729,8.57750323418193,12.881252546479006,11.84201122299807,12.265705201590102,9.763937781875812,16.29725955619997,11.503785897743938,18.315795963743977,9.58153272177736,16.466537096476376,8.91104416040739,9.596776401899817,11.440832068792313,7.698162005207384,patient_24
4.379101909362115,8.118153787809579,12.030435124807724,8.745092458546871,9.202374470886513,10.928464860733273,10.031088035232516,17.360863944560265,13.098008375364707,13.014140644675752,7.821535111542232,17.66828983786394,9.609081367329443,10.52152938866404,7.436067053643252,12.89562689167638,7.867287276875886,11.467343224122494,15.260369582170176,15.258637813831694,5.313264424194969,13.264337412762847,11.56522478282623,14.431381666094708,6.485177247503559,10.90423032858653,13.031582241925198,3.483202743039093,7.532239458352871,13.294519008990175,8.646512704008508,9.369151296153682,11.490731528277577,11.66702650940142,5.6169729093229215,14.621265157031491,7.84997021625393,8.045248763425882,7.028030141988259,15.959873218568253,6.387432656405972,4.916490350588049,11.906394303125216,16.694682740311357,6.7955211432997356,9.065236552411708,6.072772469175699,13.730434351314056,12.902401716707857,9.060896877789675,patient_25
3.0508561048996716,5.072972946182248,7.509261231935846,8.316060906906639,11.67812461634877,10.324467288855445,3.6223164454933676,7.535248680171455,11.400108743087266,7.613937427666057,7.111317843275108,4.013305604361131,2.027741093001137,5.0951012987352815,12.405749788451134,11.581542573404143,8.235762708206364,11.383674451195873,16.527161225466244,6.517961734963065,12.567933794546262,0.09561462463225645,12.79034013530454,11.71122987136239,13.721440083272562,10.681435514441718,7.767224463497605,7.955326456920401,7.26811143525574,8.288605004477402,13.684134985275104,12.390639113807723,13.03256070506506,8.257907935024038,7.265311902993282,10.355563472715348,3.106325602418556,7.803187812439447,2.4302689461426565,9.684175568027742,13.329848996178516,11.065367517117146,11.622944028054786,16.29115616290399,4.048117554828293,12.243044015467685,10.637666154454674,12.499363824708414,3.9040366268364286,12.269081539331225,patient_26
4.939084527242176,4.835437826543757,11.212907822362496,10.014976054884187,6.86435927182378,4.315536878031946,4.917557561642559,14.547109302918093,7.268730912399322,14.365079339818251,9.53293418267696,7.651770557252146,15.60529392147492,9.896572133265154,11.455788335525957,14.886642908283124,4.823279568680498,2.6818388906094293,14.38845975720671,9.625127757930327,10.819681956662183,9.954617411152512,2.866426855356497,12.074056190440253,11.367413467435785,9.59610492854704,11.547389956888333,6.2412581022993034,5.571643786515879,16.698895775397265,7.678383865623591,11.398929700737755,13.140412204744395,7.066598625583197,8.653098450478572,5.949410068603599,8.722446836914902,16.894466713564427,14.650198954887404,11.09064162634681,13.297196341998976,13.175459442313386,13.101571666600618,8.647221290517564,6.09412415595917,7.851603624876407,8.779789938749925,7.6109740633014455,10.942057631915,8.76838240817607,patient_27
13.912416417468242,3.984311055151544,11.576910609781416,14.362145428649052,11.964079563261924,14.420508658644426,7.091585880888892,1.5530718411423576,10.343457428403019,10.305785795738588,15.161248791203654,8.799419478725483,11.367774902869478,16.018342237564745,8.646850032493468,10.961228059075149,13.368259861012708,14.800681333263048,11.708748579965562,9.995629651045137,7.195073391444305,11.812276551119812,7.531374362855202,12.153424096138606,2.7273227947240577,7.5833736522855855,9.655668091808362,8.872662333932228,11.598683804250971,11.742480659851788,6.113986168553838,5.402152192020685,6.220561740681946,15.927223173165151,10.042524650186158,13.023258758659424,8.90158081487878,12.640103146610073,5.248170831286414,8.60463859836986,11.31562974843743,7.959480494837276,6.286732614682197,15.302743488286865,3.91949775588152,14.56920474751636,12.055407673230695,5.199051301950993,12.767702483357347,0.7470519141654917,patient_28
4.359846190590087,7.627448540783122,7.675610158925398,7.3628059632169345,8.064337338192466,9.364560365562099,10.03349726292357,5.6872194950200345,12.434158787500111,3.8887120324293614,13.635704308384918,14.006142918437739,10.5495375555376,5.039484987559852,10.09800917338081,10.437449804383256,11.973065288810805,7.883200247275566,12.522097571570129,13.486541729117283,8.610090623406489,12.37684667495584,10.329515835123335,6.590371940305673,5.552365606272706,12.659094000266055,4.261180072123297,9.462414509321404,10.705749303541209,8.372451336502383,7.82824199663062,11.829262822954028,13.086393596859416,6.173342150491838,10.425279018648151,7.12535378547206,11.521601498753613,7.751001577780254,11.655190723355668,4.225921705599911,13.018419576420785,14.429060437725466,13.925827426153033,11.042939670397196,3.7500542539350112,5.594801199701908,5.745353391745937,5.640169698848262,7.961937452071206,7.754915289460238,patient_29
15.442098663054987,15.699062864687383,8.86092291614732,11.171379687513113,14.663832362016535,14.671005135441666,9.229035481839553,7.768980161305598,7.323902105244097,5.8568912289078785,14.269010676208701,12.282330612827511,13.641324707580203,3.8518071687561903,12.369578068318505,8.072680931749636,10.151844507498335,10.441316603835379,4.991867747642032,11.819606103491628,10.832112002243772,10.110250806471383,4.409281324997112,8.193506511086314,6.513748551581355,9.112053696823297,16.337228356194455,6.253543041635238,4.474579843253222,7.008876114976937,13.653250522858748,8.17789773617437,6.4347181255449835,8.876236154696485,9.47914862548048,1.3546938461348512,12.980850691162034,10.88162517879281,11.80186964726347,11.82823127019783,12.338858306141004,5.5732701927257935,8.426400637086774,7.239269173087735,6.60031387672975,12.52257114836848,11.730158470921689,13.445976714841686,10.136791497062553,6.288033722436063,patient_30
5.972937047952796,4.605060233788377,11.147387924484473,11.20994706790929,3.514128502616703,9.155449069245712,10.877691536917643,7.581674244395317,4.577639219649636,9.101804207109478,10.97943750748061,16.430502140620046,9.029207503104008,10.689615521283208,11.74543043055003,13.458045731739714,11.382240251366547,11.131820310617769,7.649137346542787,3.6726871846969287,10.344613206757131,13.270553547317029,11.70817820173739,15.022569388677894,15.485760686592318,7.633692415770026,12.815383993745385,9.412280901395924,15.307761381653892,16.181820684087732,11.810628569145313,7.2276920415651285,15.359320840494133,6.667103885958068,13.48436168991348,14.446249788863911,7.377277201608382,11.033009207505039,6.845552626197601,9.400971261658915,4.551534330321072,13.542846231966552,15.9008904039953,13.312903242790663,4.019648973819303,16.505043105736114,12.768295710699853,8.749937897074634,5.387144103230986,7.65993682184497,patient_31
6.815941878836518,15.790196860831799,9.306425626249505,13.320255395735957,16.4919326354563,12.679009063551197,12.606577351618165,10.261580369398411,10.833161891018477,14.45017993124593,6.120939682351468,3.18685126053286,5.730553082248956,13.389868992118137,8.098940805854667,6.847871906162142,16.791443236670183,9.313632808545789,7.9105176686667305,6.874204257022272,12.998197566285615,13.020386315166466,11.817014808516387,13.281974532132097,11.240842906715285,7.813890257886076,4.439231182164549,2.882902980634701,11.261315979844618,10.35533272665082,11.297406554594225,-0.16980690490969064,6.757174769236075,14.095791050052378,7.579723094456774,12.728080163742446,4.814140253510777,14.594622249134135,12.746851596525671,8.571450806643796,9.432318383245523,14.408104935494435,10.951247668906484,7.578933957988826,9.378091431883512,15.930555612780967,10.343997010364498,7.993082742179597,8.574574972932007,3.8323747512760717,patient_32
3.2772491851651733,9.421214246439986,12.214161949738116,14.652287047831326,8.485437635873971,12.37876923163243,4.894670445730321,14.979521472011,14.067853896408515,4.542313279188133,6.866078429877117,12.663815056284554,8.994766513732987,6.164051115221654,11.269675404322529,9.202020639354743,9.07395711390509,11.395108388940661,14.646019911306736,7.754769707891148,8.272188314497004,9.321933075429158,11.610212897833119,10.60303365443586,17.973066737100268,18.1330918227979,5.54392223426716,12.711902970610147,14.42471497904,12.17265595939396,7.79266644154911,11.72947056309294,14.002712178895873,6.267555039954557,16.89110761568617,4.318646082486417,7.8212976039413356,7.8462768141441055,12.320272424444479,9.518732694472632,5.692044907103683,16.650069692917278,5.045915130227881,4.372285705742158,6.133770189532413,8.98662153496785,13.514177640815264,12.190396979796096,15.947926757019683,5.185918742184738,patient_33
12.678477151073249,10.86956479125558,11.623387039609767,11.671996087910923,7.884299556650236,9.825026227498707,10.290258016386538,8.321325618609928,5.487449041819195,13.132786186215196,14.33260684743592,10.599471405122372,6.576294833505718,9.209916351042768,9.828797782956913,9.362977369422676,10.318573682409273,7.935508752915146,5.671014865299984,2.169908883414132,6.884025966140233,16.695408381115012,6.654027951165144,3.924799650584085,8.980447321014069,8.249113791147797,4.038866227838797,10.038522836702526,7.816362450819642,8.943184447174945,8.157565021454811,9.25895506776166,13.749635366943986,5.2166449275888205,11.25829094101249,5.9627306105754005,8.798181164210654,12.828723673515402,4.786871116585672,11.206814113149234,2.8571177581875746,9.020431262787923,11.206605354916729,7.92476661235365,7.54429632148279,4.391959460246697,8.68967255754812,3.101730874035181,7.378377961358725,5.367763452841028,patient_34
11.1124663111479,1.6581639547848477,6.1837194352603415,3.638363678161686,8.455421736035447,5.7518391200318355,10.740554055545248,8.570361707721428,7.477815309870312,10.222819449621591,8.372289448495655,2.254823172480646,7.413488606231339,11.648141041991217,5.258222264790599,2.901232522740842,14.543095918439128,6.223125154850429,13.808018408651154,12.612170171579875,7.1679686136682434,3.5582410493045318,7.186776367742118,12.59422979907694,8.151949273551203,12.556416198206849,14.680459475030617,12.683501176816934,5.408536127259993,4.719291019361819,11.417704949003056,4.078561041430163,4.62310183931485,10.539029747285124,12.315336396438836,14.9897548103353,12.44164684471481,5.846894759572065,12.743930379199572,6.034792718766311,7.004386304429617,8.399070682237689,5.2905825844900285,8.966571477667092,4.651987956066656,6.821472005907549,4.721800364354335,14.295159164358337,16.44276425285814,7.932802385747381,patient_35
8.772371757766042,1.7475631816173651,8.27096625761329,16.001713729764404,2.6883132852069904,12.379203663491657,8.21274467075223,12.664880163080525,10.791413349185582,3.355005645013588,7.725919936439258,11.01663046408251,11.009798783993709,16.252426256093468,7.899455226791785,7.88346323358154,7.547979121984384,12.863698547004997,7.311444174500891,13.250632155917902,11.701617231088894,7.545596727684056,6.4072215917993685,11.504658370000278,7.200688794388499,12.817596571137313,9.75996060432155,8.72743578620037,10.83073195332907,8.202039917564749,5.2433459935825475,7.3412606966885114,2.730285336144278,5.907882202141591,8.435622746178085,9.71238660413176,9.270510837316017,8.183175207993338,7.676526549927264,8.752537007756962,14.351102382529296,10.857925476325715,10.236839999071822,12.280193610491585,3.354502755708872,10.24076350213262,8.580702643029156,6.230665092489384,9.427374629596775,8.929282707117439,patient_36
9.95942090074453,9.240655923136075,11.822386454699817,6.033214802739724,11.120486312134844,13.583858466829764,11.463110693506353,15.853217161647827,11.18810041861434,11.346969185505142,10.549213634252233,9.851924940033564,15.47362931899711,10.423661690918507,13.824970914636232,7.829773866187009,12.180939337161306,4.9371893039993004,15.512216341519308,9.550401627183344,10.758607183456082,9.919863730616312,15.522106329242801,5.134078825046398,10.934566848926107,16.94721211888385,10.927194428860272,10.113957528523835,10.312941539089842,11.466712684907046,15.304997499891956,11.569487624259436,11.544598334837277,13.893112279634693,15.331033215897053,5.914201990652083,9.912818929047845,10.335878363141937,5.10179939338939,11.678605203111287,15.166516888325994,11.781553857819846,10.438437920758442,9.90110653197654,14.762463824224731,12.94211940127664,9.85129090165795,14.967273597380746,11.520521443470173,9.868023782691367,patient_37
3.3368425350104784,8.655993424464125,11.092171574075483,11.607343142325119,11.853685384190383,14.057314116439537,14.569014876592437,3.5253161078869155,8.707600105048396,15.637041457444443,16.098422459894906,6.094629420250795,8.249127069387704,13.906310461117844,10.696677487625875,12.01890041055005,8.54042666845244,7.614786893434941,7.626834413668469,11.681858970546966,5.265254555601267,0.7566512156851681,14.529552006286528,8.125824873359937,11.57193176149135,5.608839026973049,14.287483730492157,11.78636490900412,12.84450037350125,13.564400934746983,5.618788047245277,5.44302282266923,9.503845967216519,16.567639315483454,10.464394854734149,12.058929774055589,11.280250564789322,9.661400405663933,14.498377361348213,14.79559403340612,9.206035214028041,9.15994797363587,4.312558260854029,12.213092795826382,8.339177520887798,7.729110024833911,9.482157297355748,3.68216321862048,9.069543852126014,11.526219744337237,patient_38
10.273797629004095,8.382728321799839,9.686220349429886,11.24740108639908,5.994809785358006,16.30065344461466,7.699954608348935,9.808370113872657,10.96593559524926,9.873852748509684,4.157619273079829,13.843867523853916,9.027064911529237,15.553014569921833,7.025570767584534,16.227766596677217,10.319709644901518,3.139343909416389,7.852605158043409,10.114797207201219,10.699648730027107,10.994536013457346,12.750815360697302,11.126518163826596,10.479859808271168,11.2006593291216,14.732640769568231,15.593131461588296,9.562407636559486,4.7632321032228875,12.120993321466184,10.167138135346065,6.215201983222423,6.878548421642074,10.82265479338622,7.851559417090989,11.206611285731027,7.043203926468424,6.014075141070347,12.216534663404182,5.603941408057532,11.339370637429225,12.984871988162329,15.24795964116143,12.928253891769709,5.577057456894947,14.413332671303731,7.422342886599572,4.99416837546663,8.269952810526286,patient_39
6.854216724504521,9.091299668409846,17.934431168145714,8.106357939647758,5.474216155130108,8.492362182176107,13.92083192320235,6.854747319173237,14.688671154223737,12.206455754719519,5.360917116046628,16.01186863154958,9.606734345963488,8.218652255797261,6.730490601704243,6.453665556837545,8.149888534911275,7.622795976686656,6.818280093244633,12.73919785979766,13.86708259149902,14.55599536262411,8.645484882221774,11.68816130563237,6.874339979452654,6.63119706227912,8.53779257891522,17.635222048534928,15.949971578943439,15.789034952636348,7.27417662960136,15.890609312503162,10.601950432634968,4.982048426217904,16.073505639093977,12.058751773189325,7.696906230067831,8.52973456915339,8.072612893112856,11.30766115665631,8.377725966010079,16.646979891917407,5.837216691709734,6.950877321637636,15.173106966076524,8.782025468851327,11.343564145895035,10.339475207732077,15.660475405225338,14.886072282541248,patient_40
6.130200747895009,4.668150344750668,12.694822987138917,12.669557673553049,4.9467736215898315,8.071125934441024,8.464084288042141,10.461493473489567,8.157279656400762,10.504898516701164,18.57827292515591,12.31067623171711,5.6260294065997085,10.23546891437105,11.078284270076411,15.574413261438446,6.5259270755162415,9.100038727879948,6.602309157463592,10.965818746024887,3.697464264592273,12.134501552196626,7.034417937226143,11.391518995233529,11.569337339894366,13.266185054182438,15.09599903597772,8.721217599568526,8.754105188465159,5.319685566475314,9.03550588064808,10.37677164786057,14.833562755557418,13.714144546383636,3.5973694999662413,7.336333975607314,15.201740334685555,8.805402082738864,7.404925146180922,10.272910164112833,9.299935183227669,8.493024905289532,8.05326551567716,5.144098809224371,8.685919015520465,9.559648854955029,8.3379318070804,4.892612056795953,10.196629518021865,13.241298006950785,patient_41
12.939715752121689,9.208713715570221,8.978196162982115,11.449425174388589,10.303365772114425,13.724079920645291,15.160288758214957,11.874492498222223,7.682794849144978,4.685515826549288,8.69456176762438,19.619472606784473,13.329326271563417,15.88438378549042,12.42866272245066,5.665566813230074,12.959551833470794,8.871603046017647,9.591475864310642,13.105982671275914,11.309635170544293,6.920660174030932,8.943346166240909,15.213035447928904,13.338908762267996,12.768106937863845,11.436965704257068,3.2151136431203007,12.634904179347823,5.860524472026179,8.66416718515188,13.808151119212274,17.703838328818996,9.967501170228077,8.874210822576792,12.010270468229526,5.145060453088734,8.598303828608254,5.647357711610476,8.487659063778423,13.103353633264064,6.551265314727073,11.866684956646766,8.875163868049983,14.670378810611195,6.807880968477484,7.379441369687737,7.015277089558813,15.15723189352088,15.57921781966563,patient_42
12.21323701480437,8.70369477216369,16.638791794796497,8.41675004938952,9.741506447958203,8.980874236668864,6.4080638698060675,12.336131772909045,14.162640846104011,10.321715470550217,6.560756186679461,4.96921149995301,14.641574345632407,11.67076628799485,8.177821204183363,10.219694673013999,10.331999051706454,10.431729491252732,8.103383887570935,8.530079228346498,13.258509761808464,6.177402198045507,7.1637136404389326,17.227477612168606,7.274458001611658,6.822331733348199,8.868019974915853,6.408310211406846,10.992664132997689,11.371244009562176,11.303529974852069,14.227782538567595,10.81939328314191,8.489400036961998,6.699715499985804,6.932067251034383,13.531632217557666,14.790110422934218,4.876452314582058,12.409994312123871,11.217715790044842,14.050344941186722,4.814450120452115,11.657989081814364,10.62055941206694,9.117414144433795,12.590921858364847,4.809860276987152,6.326793961484554,9.69609876924023,patient_43
17.92577685949271,8.821594597322136,8.546917199623485,10.722508448300976,12.61114307981236,9.070262340977495,5.257415847984343,9.583791942591526,6.021376485587716,11.435996293694789,9.150578953641473,5.598159507082493,12.385095000035479,13.964059204253344,13.037697673367363,8.45873499408363,4.7851070390578165,10.468047269401291,3.8712066225392046,13.485990569425297,2.588319109317001,5.787837660597346,9.201342711109662,5.76417495217512,11.306427971278723,3.753029105689204,2.9715343829693905,4.459149842632938,9.294635953418497,6.141357199046774,10.004445624579748,8.892286299736703,10.388819667125084,14.809137651874664,13.548185304777663,12.79286498807759,9.033754960719527,9.215603148385746,4.531282104497145,13.99587186808417,19.90031396160765,13.15366059280515,5.331062483603989,13.362812100810704,9.213943308489343,5.602901240723303,5.934403659143571,4.407724440177018,4.899783482616356,6.966907041127513,patient_44
12.050494059802414,8.176840285064674,10.293553907769333,7.559527215268767,12.364220745458784,6.74288392601381,15.894942205443549,15.720695858333462,12.801160865021199,9.545368737943065,6.176701208682067,18.05213117457679,11.016904577020165,4.356465353267912,7.043752976246928,7.321193233959612,16.477889730187073,7.737958848188966,10.987053344382222,10.947125746903177,13.597435566094502,8.979913390355334,11.427292633587193,9.181842045501721,16.145031702026387,3.268830419199431,7.654649334212494,6.459837072279878,17.049911620129446,9.08818297850824,10.436296888168988,7.593007626368792,18.338764248800842,13.529303281436324,7.656033404961288,10.105102567019411,8.967858484990632,7.829879162010157,10.030252283718859,16.083769100920776,7.899894332340037,13.034806393518608,11.28717929280938,10.727382419855065,7.980051528232487,14.857451263812658,5.4378588827126,9.846963694198704,10.589115067664263,15.684698501415895,patient_45
8.232730632139418,8.809235192264694,4.437380598756674,2.714792922222774,10.096294863537311,8.029206310113539,16.896447781022538,8.277771851399882,4.974595270339419,9.762555117275367,12.656716118873726,7.355956765086136,8.463784649562069,13.83332074177898,16.78575195064849,8.057944612830193,11.170778758292133,3.3890889583195434,6.9016538393327655,4.29131309026929,14.205637786069566,6.9196000444013555,10.57993734608892,9.876346936893896,4.096851314315586,10.973704892353235,6.5484433675408935,5.369681780331755,10.435843446219742,4.414816938926013,11.753345579240735,12.699262597722022,7.791604696446466,10.293148250650528,4.171418780071402,13.594167575056062,8.86406761146672,9.47324568317064,12.173313826633885,12.021656674916041,13.49654991876697,12.433932609829363,9.362742785371868,8.324234592403723,1.7875549140375826,9.237833448606931,10.351740195352672,11.49381093380719,5.968031945190497,5.1511044904072865,patient_46
12.382488214658622,12.87119197901184,10.621383230448291,9.271223771650096,7.381275307625993,6.17309405827482,9.340736194138563,17.92868283161838,13.34391220712896,17.382713601122585,10.506965876235373,11.5540086908424,11.814266092382447,5.472454215226168,7.226068081660772,9.435163125548144,15.322342138450932,8.94863632174873,4.416180417927832,14.913991467294672,5.529122095915571,16.58307770145242,11.710492306134459,13.40250052207048,7.218560525584559,11.460990728831025,6.833324194219109,11.209088694868775,12.694963110743537,7.508899264761081,8.723936928220528,11.73836864751204,14.381830034351424,17.268426983107243,14.219358276495253,7.745067209871415,15.016296003356246,10.734289427185022,14.790168999249193,18.51658994816856,3.2804078523853586,16.142306629826667,6.155390952851155,9.088717414443524,10.317207888823365,7.788356027399651,13.376079192681436,5.254142268267452,6.280674994107066,7.997307393632886,patient_47
6.301807999040213,6.364567221220188,13.560291036838672,6.6718252766393995,9.145658236179749,5.591212772892461,9.440432509732528,3.161628874981321,7.3633966785076295,6.017764437252309,13.0130882125791,13.476887853323124,12.082612411802375,9.005074522617864,14.287521931034636,11.08434257020393,12.954272272483662,5.572452072151842,11.485696764525587,11.234147886487358,9.936137398001152,7.969366730833764,6.977371256985791,10.937212379209202,10.521385863383903,13.954322762890914,5.130604032459912,7.61448338041827,9.20109629235924,13.37238257936267,9.02895646432172,12.378364455746961,10.418559879478261,13.955802765321561,13.626950953803949,7.188352158111951,6.223900914627964,18.119445185119492,12.645247635077396,10.439282539797267,11.56192817258415,3.8090265585035916,14.58867196101329,11.565737448314326,9.640784472871637,7.291452902216953,16.447988467245466,6.629938528672383,15.503478054141128,5.800151748341184,patient_48
14.696333615078444,12.635644075244977,9.929241434345604,11.890330889904401,9.229058455397846,8.69854604931049,16.012028111296473,9.814212214846304,13.876281485650091,11.370565767347344,9.507476086147255,2.6072468636487613,10.767843297492858,13.883516178820667,14.773906858745628,8.280635994460141,3.767675962808939,10.220061668538882,7.119194584878551,5.355619954545872,12.643231324655584,11.866984902899903,11.636382236711203,9.758288647650309,2.6769824626172136,14.081725129325426,2.8839957392058015,13.672966201233058,11.971420643718744,8.45197936043931,12.279416363876535,3.9050775487271974,10.894754745532527,14.272754022936375,10.785186974933254,12.455485492756338,12.543524472970804,13.025547716206171,7.957991389253843,12.32350871351812,9.172791878369209,10.076922426357612,7.458262949166585,3.4303911255338964,2.120811996276916,13.698409120435265,4.992507936325621,8.577124206843617,1.7504340904242337,15.917568577810695,patient_49
11.427199444920536,4.3664862679953504,13.280990536660052,4.988025291584631,5.334029016645797,10.352270300038041,4.543976196601491,5.700189585677185,11.553589383552891,13.549825477317818,8.640841371831064,7.711256605912073,14.175411479109016,10.083792269446562,10.436409257834374,7.85879177836131,14.151333286559938,9.489566498546752,11.281494319776513,8.407610794120853,12.473913040923165,5.969996766998164,13.37199858243958,5.530907800192105,17.744525118208408,7.412991554832212,9.766616432345835,12.894296075146245,7.049844010242573,11.217107517171957,5.565940977400117,6.845529356674387,9.06915457067727,13.607246367271664,4.37624218788938,7.419541186451686,10.440149092939222,9.436244389668552,11.483487438024826,3.872282548025811,7.135126738480992,15.73401527834339,10.467389423857728,13.075867960458547,14.537853677755775,14.70069611967606,5.180553009416318,11.406084309906605,11.246735190263536,10.26863896465173,patient_50
7.330661209785876,4.942668385068776,10.50001940305725,14.332167364875803,1.7364502870842635,9.13373652543888,10.641989441726452,1.7903261177931817,17.406783853001226,11.329186385646878,7.610589517283919,10.879972727726539,5.374327275298342,7.007034054521386,0.9313647724312126,16.196321838627934,11.628907748678355,9.215373633731335,8.028376510431752,11.783578676578541,12.97097867223045,5.881776339842577,6.560913395557622,10.928447956363764,8.982317086504795,8.682304722378163,11.682682437852614,11.093218659349668,8.733949858064879,4.945660059017847,8.852292250527805,12.54448458713459,10.473790066294773,6.473544674941234,12.11950544741713,8.397464951039314,9.909291258962382,3.782165524712469,7.607000014991988,12.617710911216667,2.4558928082338807,7.5911498759123655,15.954226360080114,7.392061003954833,13.726028156200485,16.933353409825237,4.741992241033061,7.864886307740267,12.996454982790265,6.661427098523406,patient_51
5.164038547852924,9.375759216791439,10.333013478987983,5.9006472791984645,10.161797774341427,8.00867208373303,12.462656669144199,4.040541651226958,2.053848222691869,3.7056668286950827,12.456753876479322,11.482699985401494,6.404108830084524,13.255161667492688,11.891036510504714,13.055452428700114,4.466669557831798,8.733786241428229,3.595807644979126,5.472404549661345,15.919894585285032,7.0307266273397495,8.112921122818852,1.8389489212409922,12.349685604407412,10.170023020962095,10.764448540642846,11.246288305565683,3.0937985286553142,6.296373313497378,12.90569472269519,6.517392721389422,5.869171206733729,8.656079012541149,8.095657734044446,7.018136611999147,19.15248023172473,12.547271021013616,3.5410008597989315,9.051002350285053,9.075935230158708,8.793885732459673,11.264320703281987,15.134656821565693,1.1387886349629568,9.714426623250441,9.284938410032822,5.771222187983511,4.765243380400881,4.76534124110722,patient_52
10.309741521356727,8.488739388927488,9.509525817059934,7.303591437964265,10.482557501268687,11.049573433535029,11.028819120148883,10.695627535526596,6.6810783901588975,9.779943991929242,11.516890516839258,6.401130317803753,7.672520409302714,7.465748169905037,11.66167831054199,7.264026555288695,11.665626375739464,11.103309706177825,10.920178717315459,12.230819978065997,11.977235339001545,0.5098734273459975,3.71845488117936,10.519299401095026,9.490758894456132,9.651165273503134,15.289113868383685,9.325702935824967,13.168218231917777,5.706262021655126,3.6310301217091028,11.55408118308277,2.2601876753102523,13.477035863280012,2.709048283320339,10.377929318219389,7.371341364296559,10.358106528270756,14.285424232119182,6.942831026151206,7.515478765057386,5.656452666152732,12.726165317698642,8.529681967711477,12.814282575150461,8.978819054838688,2.245671857982365,5.801184612321357,5.4292229178821785,8.388101849526569,patient_53
11.38095408057168,7.172112274222993,10.124278747303805,16.971488694511052,13.782556995261807,11.7967833712445,4.325719281217407,9.880471387765052,10.738560686071214,13.710673480100182,0.032095686281657265,16.285995894005364,9.606066534531758,2.728209043975479,5.3449654613299575,2.5606414151771624,7.128120182513256,4.232359941831747,8.61479080998804,12.948279604597426,5.791761131397262,4.063753652149845,6.884735444734551,7.677353494388915,10.223847571769376,7.770250514164669,11.346624086922425,9.505306323200879,3.7883489337012604,5.833420715552839,7.741507687764159,4.7777594384459405,11.504206340888816,9.573843402410366,4.722075904912142,4.52499994111078,7.462516145277669,7.482110307369181,5.750029909540938,8.499507844623244,6.952638892646265,14.249717704891049,13.843258118267038,8.749050548181224,9.608537515321594,12.385041330923558,8.6358395587011,9.77924735138137,5.65602467765847,8.168090372092509,patient_54
7.2706394591659755,14.209918683171843,10.042953349217363,15.79739090486032,11.390689678793038,5.831627482712661,15.271538624227933,12.628990298782407,7.687887638612444,7.768548441120709,10.52842327567061,5.577652960554293,7.471889619539895,7.712193304738299,5.38644928761935,14.221213309576399,6.803147592382949,14.519636206663101,10.679788866225872,3.712177904774676,10.040356872785386,11.054564257261713,14.481082640245557,5.715629956521409,7.0593792550088095,11.358605134582136,15.982363750537912,13.01002714395452,12.808653155609015,3.9129642209051343,9.692153668677925,5.348866121799612,4.7439604551289705,11.918959339593364,8.478368599936582,6.364328546170423,11.561021053674928,6.731240454648752,17.543474722349455,18.063876173359304,10.047540293716608,8.104928286033152,11.595427146129712,12.403659725491353,9.033207390242245,7.416496651143202,11.910870990131922,5.5652067254637725,13.096088148111452,4.24420377904615,patient_55
12.474802155848149,9.824561167742367,12.83982054490419,6.180801386232127,6.37203963687999,14.618855735674567,12.154675582311118,9.894578254852933,8.980492350658233,10.328989563633568,4.63562671614482,5.4730101733201435,7.760966657417277,13.716632708604498,9.197494375239199,8.96088475452978,8.064537317472718,8.189608154017714,1.3349586080214282,5.60410589510143,12.209266735819071,9.441419828880056,2.0674595090803782,5.1129932353159315,9.221507789540741,11.766418540130463,10.38807913413082,7.959528513349043,7.859227181401858,11.560744173413454,0.4545934441117785,10.4041825892183,16.457091114125223,6.751002881661171,8.49015442469257,8.488422409081739,7.128731962810328,11.208266185163945,9.62141043024667,8.007127458825355,17.099641391524518,12.389736457393244,9.079328202447423,9.51944554295191,6.972782926699113,9.43318006614642,6.4841294625798795,8.149562900029647,11.04716048452348,7.335194795884669,patient_56
10.893035600315073,7.94817912264194,4.77300240386522,3.9824171078267234,11.35884438434303,8.452726828198621,6.666339531059639,6.604098307876397,10.759864492240629,8.577028709827827,9.253065281971708,10.319975511104907,3.6791113529016712,5.464097643257279,11.63278035900357,6.291690276537399,2.736646669039808,10.221615437568877,11.518989530258589,12.950768060729741,9.646538540857481,8.187642539006118,9.91103377653448,15.361894497399746,11.12796973371329,6.948417346642877,6.57397935040037,7.612831313350457,10.596179382977075,16.52501019330736,11.1764435070464,6.869826652359459,11.702580977840736,11.099969695314673,6.838550621497632,10.22059241240372,10.050380361653065,10.588630710026962,14.637323020781887,10.019840804224373,13.381751923514022,12.385680631912493,8.154430671098263,7.319169966811332,11.675362873588162,8.813359369996778,10.47892114617455,17.467318538138773,11.25323911365736,2.3430088594998058,patient_57
13.862424115184293,6.186417606519088,11.875294445457145,12.77127979362994,4.7183301178926,7.5843556274875175,12.626430590111315,9.619761111463255,7.527401224801789,10.257881752493349,9.108286928062235,6.204947788512931,9.392137305355963,16.545575384139145,7.00101435345646,9.043177799845967,15.156781990201695,10.479422454616001,13.636767146855014,13.891683225940998,13.278000342360736,5.931583572866381,4.793302039604026,10.449120237906548,12.897584647748154,15.162809534911654,9.770326954004062,11.076681232276995,12.87581810972408,9.1915083311584,6.320191730143883,7.795813583683957,9.24400387444706,3.0819884408787446,13.92876897563518,6.149365785921155,7.714064637404636,12.62886715882972,10.244891234407737,13.381287567023438,6.14744064128038,11.160193695715263,7.053967475884893,7.432537810478266,8.54829745503878,12.19714923740608,9.285272741472648,12.756268850847274,3.9162927509984082,10.308568845728313,patient_58
11.174106656606426,9.763454756916992,10.307729478545962,14.344348315132233,14.791135289376973,8.330155512371887,11.924704151681542,13.494390611391346,10.389206629512755,11.88455504540086,9.293328439377527,14.519297910743784,12.829452361311564,13.208969397564676,9.124480533067452,9.296620942398562,10.80037604869398,13.358234722290522,10.18525129444522,10.769733468491488,10.444522549734582,8.69427117570195,1.524664967848226,12.375723063974466,15.031012964575579,9.259050982744533,13.296298214536021,9.392686070347402,9.223260671187848,9.02733074513105,14.280551579259436,8.994048223953813,5.405908873136209,9.675018025850415,8.652442843894478,12.164394318000326,10.241862853642749,3.6643546360015007,10.185889273861553,8.461851712148498,5.604523835107769,9.736453379025,12.439335304277533,14.034784684269235,18.287170756548218,6.069985657539755,11.077476474600852,10.761200118874115,14.177875645937009,12.903400497307484,patient_59
12.617344097254811,9.92117889225413,9.87203377383974,1.8817033680332464,3.2189273563384835,8.05670765381592,5.73952974658851,7.048487844019413,13.190487729068419,9.452021902464967,8.001544769654384,9.330832751213634,16.371477619408207,12.252999762491793,10.630310569280628,13.038621173676214,8.61162041723824,9.440043132744389,3.0759653378741376,15.244699360766122,8.700492529057465,11.805524024387962,12.526982262860379,7.5781825904982085,11.955672142365374,14.52034735117184,13.151411502671195,5.511523237870978,14.709275471095161,17.15095818011124,7.3378065000205455,8.82688151635426,11.535845561916892,11.97785807661923,7.291490908331508,12.683445345784058,4.90159537896835,10.801526094196891,10.196236956081407,14.640142318055798,10.03263283818643,15.464413569168542,11.874436654088191,6.605569024377221,14.165073227615407,15.234889892551166,11.543452418203682,13.704484251075236,13.13648349100246,7.051918238815551,patient_60
14.777052431558072,13.82781252572771,12.627715662270436,13.025579133461397,10.302286081830326,11.869073473783484,13.709199736157029,8.539944700443199,16.20138483568732,12.91307551504044,11.988995291785258,12.945385532642181,13.636146745332644,8.000023116941245,15.84198246360516,13.283078068458767,10.62151889475508,15.63780605640359,12.395687912868135,13.412152533462748,9.718511339148558,9.978968958171022,12.340941307111688,10.480307510110174,9.250062605109118,15.816917897243359,15.32499816237101,10.91957930876118,11.619423335101981,9.468830226979057,10.075935548924335,8.466814873234883,13.480487693916906,12.740381768455947,12.6388129524361,7.68634865881231,10.31096515572486,7.557915907117601,8.128289163068931,11.315304827572195,13.795365866627957,17.447286210611974,10.978606797240591,14.527955670733093,12.056834386438116,15.106783397104213,9.1690473636469,17.337469350869608,13.856331467322663,17.96785156339411,patient_61
7.401261583707358,15.630114261450109,11.945518788878523,16.285735009249112,8.943950565295076,8.61976997303161,7.137178773774333,7.9075568200636805,16.4661851920553,13.892426149592172,14.193077547879605,13.165925823157824,12.496548952949315,9.997322601236267,17.570264007510072,10.857418703709811,13.85053152945592,8.0635330207646,8.25185748671655,5.220743996159568,10.847920765572706,9.513649092083021,6.452565835138628,12.071470249970705,11.921177083296678,6.512860298482466,9.41598733531709,9.622560398817928,10.197236664251772,7.997073924448443,9.316513673822428,14.234584282829797,12.873651091746051,15.897181601641364,3.8909890807472314,8.390796429126894,7.567184769332923,5.239791459616235,10.083577455605162,10.983756034642626,10.545112209193716,15.682467387854901,8.239604694361455,16.191636961407895,10.486131505312331,6.455702402197582,15.37492909273558,5.348208536675852,9.208126715568905,10.470993679724534,patient_62
10.075852258614606,7.4517881286932255,12.190879350570977,5.461636872214496,13.666303230671437,6.978779682125566,10.832831994445938,4.089136603408538,4.629390656201133,11.776754263928487,3.205988338159143,5.107187356066321,9.423698887947811,12.415154353996991,7.950537590441426,14.10820536841148,10.704256571688541,7.223352195326203,12.620856159659011,6.801054244255487,6.342186479637024,3.4179563312001378,10.666162295604433,9.379741052758051,16.472841624430682,14.525650160208796,10.946039444887862,11.559868886239625,4.458525855533378,6.385463861001213,12.277398643707578,7.092274203524296,7.268530624910544,11.769183750743373,9.283531630209016,10.923885822279974,4.93552545887545,2.0052945699671434,9.101550235359422,7.8893073168113705,6.117064337642261,10.423761811533836,12.261882939080476,12.365262058119773,5.726630708887281,3.9701413770163114,7.557677100486476,15.854250842646653,12.907376988575901,2.5530930763797857,patient_63
13.05857257733634,10.769230072918129,7.5194726998971415,15.894523644498797,6.821307192638956,9.648237599657666,11.650037281584837,14.20772190338515,9.736799947747677,10.398422685594081,4.5931078001379735,13.478598945310278,12.717890437090745,17.090875879881647,15.27812576197437,12.528588147206921,15.569580715200996,14.691464357403575,6.355924330744351,8.741161948728866,14.120888721626894,15.147176039220199,6.979823573471593,15.622159331219935,16.106892723407523,15.591887467397347,14.430502344232679,9.977421636770499,6.518529349632084,9.407457841672148,12.965712542751465,10.355953303586068,11.543152195403628,15.735941547195734,9.666524797636523,3.451158169573463,3.764756224537652,6.232757543389929,9.5672641500356,9.978783958052995,9.21463815284995,12.116554292048786,11.649484674296739,12.563758594456157,13.010361810264953,11.570881766913395,10.693682505373854,14.625424954274747,3.621057669705344,12.441225508466722,patient_64
10.24538941080518,13.823873190325497,15.141617644461776,11.418967552167995,13.747625332098563,7.347993416272316,6.675216387427454,5.260829472825318,5.165500957910693,12.669170397897012,11.27549226381942,9.79237205455555,11.258457463295978,5.781415599232262,6.929968168618225,9.37745504859658,8.98894968581369,9.362216161666733,7.251401104116352,14.756864802657226,14.013390187546264,6.97153287388164,6.004392937602701,9.580071954118608,13.268547963384956,9.193215139475715,9.473357032767833,14.728796658348895,14.846593195407692,10.298899478706378,8.468116086146647,9.16598687886539,8.442543961597385,7.085800494560288,10.202587015747735,3.114134353180983,15.019551589055203,7.891841674418713,7.503974751883764,10.248693974995746,14.232738828908834,16.736644477667703,9.214077324405569,6.27797043194544,14.796191705932799,11.059028668468205,7.996139374717194,17.98554291661262,5.296376796983038,18.915766593661786,patient_65
7.881425719147007,8.145117006371246,11.921267140511379,15.536655044580378,6.091712708750445,6.768443026815848,6.881266171849991,8.465476138211246,2.0240458001488237,6.325187626865164,15.461492695540125,8.764652610264108,7.477315213930661,6.551521011767205,8.371308975499327,7.738350923902343,13.396186542240898,16.628308820579583,10.84582110417406,7.526082749679055,15.277148117044312,10.892160293315564,9.013412802987126,7.041838520257234,11.280638723415297,12.777919055814191,11.991486487531889,14.127383598108183,9.183815653795975,13.167045289978217,10.27641416565876,9.189980677721834,2.323309704446876,9.150677765292176,12.601592368894307,5.8759568410973,7.397889219942623,8.607325400264644,13.458868243219044,6.153172319274543,7.723047425606009,9.507406382068003,9.966644210956364,10.113746247156511,8.407929839183193,6.672322201279385,11.978358115015554,16.161902529779,8.115897175484804,11.881882921057986,patient_66
13.869994415682186,5.636648886659609,18.74004575757241,12.963532373837307,9.14613120073472,6.7456465865576085,10.111071123713376,10.52607840845083,9.077794102125043,13.764824362212483,11.639644495864792,14.480707399352433,11.841296443255361,6.206104088203585,14.496395392725033,9.443166781217379,11.674565202448386,12.900250395216863,8.522834990138472,11.205423207153727,10.50805633365178,5.996867862975954,11.370807205775062,9.719056114390458,8.30573098592646,14.774816494628798,3.0380710119659478,11.868229348201762,14.358639763582335,10.396148984330317,9.320682900921812,13.716955070759377,13.709622810060017,7.121828215872981,15.906874457901155,8.487419710509274,15.541266667746356,5.112576028600147,7.020414440739941,14.916814923812694,5.417615757270426,11.562284656930713,14.748263626162093,13.819025144522858,17.087908145532317,7.257103709103198,10.102642834776391,10.541203814028425,5.706302748075512,12.480037738322576,patient_67
12.521234157096286,8.671959818929004,10.013654572117812,6.594717186047719,2.086961346180362,11.052218162562971,10.770432425126332,14.12456921544841,9.145826149819344,13.491538798516173,4.615248244023746,8.917114946254806,3.3672275958039446,3.0160211384381803,4.710001451691589,9.04725458411168,10.507319601675439,13.895268592360312,10.363395453497535,10.85904963269384,2.5396851353094405,3.0902636651063395,9.564683905865419,11.705768818229004,9.045220994223898,8.682289285635072,7.589985600380717,9.713908534220147,9.011485562660782,9.450857619926827,10.807374279877518,3.6875769006097494,5.77482232527658,5.181403757790958,5.9967950007861655,10.305870880004116,12.168547135476286,12.204234020742021,6.938754676905628,11.36575093584089,11.22711267739786,8.243250794041547,10.550404788842943,5.425161366989321,8.885913207023538,10.151356367278687,8.158935548662862,12.1704321069576,2.6899533389701094,5.855447593654862,patient_68
3.1211753123500627,14.182666752135844,15.219019496534072,13.188736115836784,12.129773861386393,12.017764208638747,7.641017945875454,8.556317153547454,5.745481586170119,9.74187379348778,11.706202518866483,8.801887455711366,6.340320967617556,7.546088291747996,3.7803941405568113,11.275086674046937,8.217974488680069,5.892183939163839,10.813364358757925,12.183074578852468,12.463849482308124,12.696087674095372,14.577077127159274,16.554599534530897,14.294731402642922,8.719098539829094,6.920679784300589,14.733254370116896,9.478250293111246,10.882195214781454,8.453246876091406,5.678917903697238,16.38476721009468,10.768680547552465,13.857714472346675,8.86238884857218,11.326276308706051,6.657061679817691,13.427190285031427,12.285841467210295,10.95053304305219,12.074677228232806,5.6672304528590285,5.318359888342831,3.731365502124893,7.837230014861914,14.093097108004962,12.862856429322132,9.224174279582147,13.36094539457504,patient_69
8.60300319554383,8.05362544416832,9.646363875385918,13.454381426065485,6.3537827580051305,10.729460984977838,8.315493188234907,5.140129468740839,9.117514177683057,7.952672453163666,9.019794992278266,9.929953830361121,5.229311543927016,6.976337348764292,4.829923993796126,8.190610960121795,10.000540771071028,9.455357004983428,14.11717001859545,10.544305084847917,11.58359415856776,8.72878158932893,9.707845834998498,9.416848988334902,9.653955910511725,9.038852911860973,12.492946037517036,2.7365406962030705,3.076382233751058,8.522400728870746,8.333099352505416,3.8909869181384127,12.949280712337242,5.919832223982566,15.454247514632064,11.182428424428856,12.1242090566176,4.874108572275425,8.640762843500623,11.661456111846466,5.647220620360813,5.88572686746936,3.9826721120439323,3.859106471256225,1.7176482109000926,10.064233379906575,6.385898740263219,4.183774017241181,14.94008339519884,13.017717764323729,patient_70
12.199459974896083,4.44191983923244,9.081064869505399,9.459626964612799,6.093349026190348,13.577081624867073,10.5293702078853,6.113461827169576,3.703997427646041,9.856635398623753,1.3633901266581123,8.180979122511422,3.219283430044248,9.630440156478006,5.182378868920351,7.727238217691842,9.753954179945149,3.250215270394645,13.860099449505007,14.317136129296248,12.951725533698003,3.6060749733014235,11.125631979282012,13.75285266572302,11.693957047747475,7.830246223724064,12.362774027626601,6.0881467775456795,12.994475276628393,13.697077388620986,8.679286486823152,12.209453443911329,9.621384796686078,10.436451477286651,3.564989580859941,16.09243808049686,4.550145659856248,12.934351848458121,9.520053254588339,8.764688954165909,3.5789014243099504,11.002278761130615,8.631309387096573,9.641758547991026,7.896610021882962,14.864961716600796,2.260895905033265,7.711543464617803,5.7956486177547815,7.6213734410887755,patient_71
8.522743990971339,13.787223700852968,16.54049439879714,11.769464190684037,11.587944757014274,12.325152134781813,8.949873470161402,8.58513180453963,11.909709973077893,14.07385709303191,8.205732809901855,9.48812694657287,9.617609175191244,6.636665052136306,9.219799119988052,13.384781554765357,7.866795263322939,14.778254289454003,4.33873541058694,3.9124912977445687,13.246418240122026,10.008217450535,11.748058003929522,14.673597494623236,13.535147626024175,8.161434833823131,8.694616556865535,12.99074476386743,9.753709052154079,10.87660007759356,5.785619766718532,7.887006206569579,8.020851620848374,5.377692249912819,11.553730755028129,12.506650343675194,8.616586392961004,13.983644042105464,11.140628881199389,6.645245110831095,14.008601693680953,4.026747999164503,13.594087482402983,4.0024551285706185,2.5300456662300332,12.889911556499868,11.773465361908464,12.817264016313445,5.590966795966719,3.4547782563504823,patient_72
9.271099223701201,13.745766020461135,9.310891163289178,7.1386005374954555,12.053339513881744,8.04011138225495,12.94826332706833,13.916680850288307,8.987245974769994,12.824511603074878,11.889164592956392,11.87844040878564,11.382852888622047,12.7709149416418,11.75964270254595,14.255939803399036,12.124921008809848,14.194308728883623,11.589206314562672,10.383737868577725,5.858075826111616,14.114593022386842,6.060540799600183,11.503606545823429,10.055559387817476,18.0387613425188,6.7655090856307725,10.131497141165934,10.152631722111995,11.97223060050293,4.3271423654394185,11.048821622867012,7.010677774943076,5.808861333762598,12.358085843199948,10.15008469061937,12.29838027231953,15.653586481684107,10.27310768335295,12.215464324363648,14.40184380063134,9.082453384614146,6.808801406866646,11.532572579913516,7.840092442280282,11.58216197889507,8.503461749171008,9.298618157432994,11.661057444486648,6.089351350267311,patient_73
14.377038974740126,3.310831207091527,4.44908444707559,6.342740293934777,7.80330000566552,10.796983112421428,10.62457883429855,14.502818223532088,10.127811272365381,8.740486250688384,8.383957474769947,9.404123175587092,8.446321578528902,5.879752392324699,13.053509107632578,4.343809527653772,8.111961681692211,7.296301701329307,17.117736421685404,8.096882954338815,9.261761122301913,10.570418605620743,4.197889549933146,9.300167470388503,16.482610398860704,11.248913273415013,17.533556079813632,7.103082485035066,5.027791473026506,10.917952614805355,13.016147557596726,13.66517619737975,12.351189610408577,11.122369309085691,12.374855159461273,9.297269083172008,10.366640889653054,9.175149742185514,10.102560542255151,5.641667248786932,6.7962336312011535,8.105893153965235,6.853213913941086,11.46203123422873,5.351981548810831,14.018561019545663,5.265842417931026,12.475792656129933,6.691096907776994,2.66918720006786,patient_74
7.566034863914278,8.494618492371856,4.8844877448422395,7.6966813299478956,13.085814422034966,7.645125928249715,12.262630457147518,12.986498830450016,8.348660907273397,15.17604808843823,14.216953349967492,10.972194278445894,5.666971580751829,10.276243937927761,8.50376763535656,11.758655888174147,8.084252762480038,4.262214526336632,12.414244970796284,6.186892917845366,11.466547147773223,6.707661725110018,10.218020318371677,5.105390676035594,10.987446455192954,10.768568573606085,7.741717914229987,18.531280431999967,10.527240376930227,12.343837823975466,9.452264695750745,9.812472432177792,14.080787096518414,9.446538184922133,12.616548127954141,11.091409302843383,6.930248167383905,10.519730263276076,4.906784131648604,7.068379328580005,11.878679085550054,11.363858673278811,4.693970655853268,14.753135422785576,7.833128965783368,14.339957821487069,13.466574565714867,13.00983546701829,5.316481033317393,5.029555572624672,patient_75
14.70637801702684,15.000713864940938,5.2339684132072755,13.952655618568514,6.044165701423101,10.4301488007995,10.690249081024978,4.579830684815948,12.049111400405831,17.07599380049459,4.051578677763677,13.713434399859441,13.327432990273852,13.342775065055498,3.468175327042414,6.299272413648651,8.162779395764616,7.833113304033326,18.068780764139174,3.558968643925933,11.442892667456546,11.18242965074059,5.273767908932097,9.187399584400355,13.681729393580117,11.937938483414626,8.521626745317208,11.171507599045887,7.942704197806844,9.883162085120597,12.97763809476833,3.829051698079801,16.5948989590708,11.294584107230758,6.608308420637782,8.546523687442964,12.442310671246421,8.722491712298085,12.511372294334238,3.449301541455936,6.835184878554413,9.609347087672749,6.683394729668587,11.866917498148386,9.492583364398428,7.561224762765176,7.019990943844757,11.714705077017598,7.047121577745683,6.155733364526347,patient_76
9.449010949766139,11.926683504309981,6.0864424081753405,8.220492087176442,7.620220831673437,4.178399657255692,8.401275389854643,11.834158372775244,11.024617461244594,13.138429658163574,13.06316371079764,9.875751111260717,9.973138864701577,12.074087835914364,10.41378924195586,12.502414844675203,8.351047322137081,9.892120220161509,7.083886841904034,4.81377192072327,2.675238481461591,15.532302229622047,7.969834402061181,7.19319799316866,10.88934956598388,10.730671064711608,10.980867262351163,9.336697034851037,9.518063206843632,14.909038912866706,11.222601729028213,2.3726280750836546,6.194242976247713,9.810176170332406,4.913404216532445,11.367089627312149,7.011423653707105,4.213126403591356,8.633926430148183,12.059768314188112,11.470896949190656,9.964148202694084,5.430278835182829,6.046058595387418,13.701743259802008,15.193498641924151,8.16068574192523,12.316749350042441,9.764933161011104,14.908244658265177,patient_77
10.73814733981423,18.57822064947564,14.748893188500412,4.63758989328791,5.138133162843186,12.344290425141972,10.529038194521199,11.396369868381033,13.9638424138509,12.012511156887697,15.934530630500689,5.675577416666927,11.414856710090524,14.287954117265908,10.497017262600657,11.359661385326474,4.542517412260421,15.18846772769492,8.892780987240668,8.033724239064064,11.414943061096494,8.482388096440252,7.479090761353334,5.492788054923582,10.05660842521995,11.011580432750783,18.03742760253273,16.605524419122403,10.365670182477269,12.798513005384526,12.92027113878155,14.186997137739423,4.590009528402776,10.608543793649508,13.827882152256034,8.417013807622357,11.421629740174563,12.406454021743734,7.107786568044852,10.095679100443911,14.97855728707671,11.729887979905325,7.597864294995428,4.132325474377262,14.807680424711267,7.502028181481418,7.371855215350578,8.57580875903636,14.091448705849736,12.019338123902013,patient_78
9.937086805566521,5.733471568056306,7.940490283183378,5.531244319172615,14.861345030478311,9.522759226062059,9.793834766808773,13.453686404320305,9.106496523520299,11.725690870864607,11.311965924499253,9.374392183212043,10.676818031890583,4.9488383149261885,7.879151965934887,11.692914442840344,17.570055944046402,10.930821064064384,8.649524151038094,14.771789975704717,13.952209517387002,4.769784999078788,11.795060047700074,17.252194339142825,13.213015036778417,3.3311895367693785,12.230216555181148,7.318306846467344,11.858583666071826,9.596494122866796,14.09507912206277,7.784776774078959,9.237965787241713,5.54387164361524,15.61736773828923,6.209014166176187,3.9758565262383465,9.459247435467736,14.721120439568555,13.449610495287589,5.331199891228311,8.301897326591902,14.785327988353526,12.681151329017014,10.252910635833771,15.833305077961276,13.873862943187644,5.574933216405151,14.023150657360542,7.277513093373768,patient_79
9.444918273950405,8.07712603030565,6.522786540318917,13.542400263973237,9.98139300906241,6.937071862758357,9.285466966278657,9.837742274291314,15.387334015967957,7.071155199046128,12.286487902923385,16.82851585583268,4.133488101345861,7.071723017677332,15.664732366694771,8.674005251037475,7.383893948889356,7.19560158946604,8.421453934393535,13.741004741817315,6.730478238361503,11.481366131782174,12.330708803497277,12.007789467567124,9.436064767413342,12.40689873681569,8.92293874825365,10.839957828970249,9.654505132139134,7.012657980747095,14.981100148697525,7.89960867499538,18.53651718589839,9.046599835831307,16.759941084480857,14.56053241691653,5.857220670935514,12.455169975561871,6.55720862977028,13.952180039916465,9.845428478616048,12.534482764744551,12.329988541911707,6.979739895002746,3.20551410376243,16.34244196448302,11.173729487175503,12.98820506939016,8.877799556915791,8.313687854256134,patient_80
8.905771193594152,11.751341735735632,11.0133454421618,13.097480361707651,5.1066230172607945,2.8326940682322777,13.299501716816668,7.230218425813232,11.330717138820308,0.18660638284683895,7.081195074336157,11.92504080056425,4.3888794594039435,8.014548649021732,9.204203284289997,13.641355307269695,15.529065024847721,4.977966974207928,1.9777247546606667,13.181869222252104,8.23059759463836,9.234300371342837,5.196843317698718,7.004511486173756,11.102103953741617,4.665633696971901,11.693351147912665,5.167151872800957,6.5525957385671205,16.410122600421513,7.778940601063864,9.102135438695402,10.980739147710201,10.44766374883085,12.929586199473258,8.188463102716867,12.662119996880556,9.578688323236499,2.283598689434462,7.449981451835943,10.425846901193832,0.21740645092486943,8.170560484090222,8.756766901923577,9.675584459998127,12.80741637978199,10.742167977900953,16.6143842988764,9.12900000440273,8.550698580653151,patient_81
11.6031797381995,6.679751053938712,14.95442851288762,10.446747345320533,8.86856804016165,11.567319319891979,8.999787267110605,15.313891766785574,8.138302941560605,5.301333418102744,14.23256971625692,6.39530839528118,11.09737360319163,8.036007125208986,8.927642708541484,4.901309389369998,8.551796966014672,11.353393110264935,3.6009105233597944,14.519312886164384,14.863958032858093,7.139132630669777,12.76908612650627,6.159420194021169,8.023403120464673,11.396518233860272,14.029042528639227,9.543189210402838,12.191169422773505,10.641691388462805,5.90777161751484,12.937176392511434,12.78261961299921,7.502499605497137,15.481764343528127,8.081446953931334,6.8683522595363,13.468517153427682,11.425416680623272,11.016926172010546,5.062093314953858,5.846258314417135,9.626039749606829,12.621728274926095,12.346639639311578,12.697010554198812,13.879286514330156,9.871097078442014,14.289619502759152,10.578428047371581,patient_82
11.042067818759342,12.081635156309872,8.801260034961047,6.476406975499552,7.044107528434436,9.03042878951306,3.403453165692322,12.879695949011749,12.3722015446577,9.517369132928863,15.988379232891315,11.106920766455836,10.511005427552625,6.433498810015555,8.085391131569217,12.555130732307205,15.454299856357482,6.595702900495402,10.210745657264015,11.946379741890599,14.322767487863143,12.333833112259466,9.660635928608976,7.389582706779852,14.837503789838227,7.250951026838372,9.780234567979424,5.554860142195572,11.513316884537298,12.377348778555781,13.280088976374259,11.234741419622226,11.424959604912155,13.71736047800657,5.693768766589587,12.124596701632425,12.354563500465026,8.349905116546978,7.667506427285846,8.820372257427156,16.40414866548909,9.516836023584977,10.896636874026434,9.652378817152492,11.333381301930132,14.66298352859873,13.919096919218406,12.672036232774401,9.854010067109076,5.250814322543704,patient_83
12.577396139120165,9.182746602337303,10.529463930499698,9.417169252985115,9.125318191786358,4.696697120390587,10.990236214808544,7.581062241000716,15.522556149984851,15.319563671775652,6.239121446581852,11.920047848929075,2.213166532913378,3.2977123041110254,8.297603586910595,15.51245800562786,18.2272295801999,4.863868558737853,6.555411144832239,9.731737903082223,9.023822920044065,9.726312232132258,6.629254575116999,11.67553229090635,9.159126490987754,10.660892915662247,14.852678879363237,7.444185289925228,8.66477664103822,13.158667464832199,7.150014127982471,8.04118594069562,14.984704687957162,7.93709296274117,8.794806876965136,8.160271550997702,14.560681118765007,14.134553965244892,8.913735017977515,8.665617838618655,3.4266855871038104,11.782675460476009,13.459607975396093,6.64913660266803,6.115389475947065,4.7133934933964,10.879364291245958,13.065117376933186,13.260997704230642,12.681073623884886,patient_84
11.674691571546758,6.480904010410639,7.145552899891759,8.136263595567748,4.684916547822433,15.184256616416274,11.199223064248223,5.706580222277558,11.601196598326922,6.575489791674267,9.501716557782833,5.771579133631315,14.341824369349391,14.83303185443183,14.584809211033047,12.415047795942073,8.477030070811344,12.977821267618793,12.922899075179581,18.07555376835092,8.821403781189805,5.826290001222036,12.132956768346023,15.296179113898411,13.152675719455017,13.165900682034028,14.828564885332117,11.846252931759496,14.816112832037286,14.292959015134297,16.6821883848383,9.57669810707297,7.854985761065231,12.321178140259793,7.18777283800862,18.95795307145945,7.049692238442854,4.651054793352536,15.912178497704998,5.447089444407372,11.295070846769264,10.114688915965129,9.08510831594893,8.103849874404013,14.981463799752945,12.77896529343649,16.2145448595824,8.199875842229133,10.75494113464436,6.590159421276104,patient_85
11.234000380109638,15.365212652823045,6.023616192015801,9.055347051456248,16.576747889456204,15.228515538716483,5.585145280061125,12.224986298156459,8.011529434243968,14.433004084327298,14.47335689467791,14.707913932095673,9.850837730581492,10.660504940761435,10.327977831756355,7.204245380833028,9.728374601167557,17.358900229135287,13.826877637552233,10.16886115303752,13.63819929225913,16.52886027258115,8.850732066077803,11.780725254245136,20.258903576465197,12.454370344156043,8.863047913432839,11.31182557540721,14.711301750675844,6.023402221099581,13.699024260943094,8.150286017628085,17.196138013162987,6.4778997203387805,9.77843970093696,6.701548508633006,14.258647461591046,13.951179926688456,12.439747908711979,7.015073037467069,7.899842070927553,4.134694876482975,8.489933813310758,12.400057222660191,10.774212883791087,8.992590242885965,9.222531778256704,8.651525360968296,10.310581165254773,10.735165027612245,patient_86
11.59625247219758,3.1320567630017,4.60092269775361,11.6063261556083,6.02168586868941,8.758709342424531,12.182135884789009,16.278228922595925,8.63241735487669,7.83336262103528,12.237441885600756,14.051940353952405,9.538620815407825,10.689016290626723,12.816528944820806,9.020213496719114,13.5953849235211,7.043145074329276,13.410329252720594,14.568212053557717,12.086859188839062,8.327496175734218,11.646668183827794,8.431520879913908,6.38114892336966,8.21932712243698,13.847604405065882,10.34434922071447,7.746661910325548,4.327190112198078,9.297823507453359,11.69327426290157,14.461885059945669,8.386729262957806,6.638195103664543,6.0093208955102755,4.43054275573042,15.39318746229764,10.513577236825128,8.65317793662428,10.309852359057894,13.283818670442184,4.044674403036846,11.106698793625265,13.8001714921446,5.71590601968898,10.017680470466757,7.623526288408843,9.32536501593565,3.7317529818901587,patient_87
7.982641020963543,12.335116170837805,15.141622877479024,6.434524484369069,6.2565106205431205,7.913300216764634,11.800032515846937,14.50417988394761,10.234242682305702,8.380047145790606,5.9548633149437515,5.150403026411136,9.907528462237408,14.154646078514528,8.583824839834804,9.747241913826524,14.782508111538952,8.661849218670737,10.135101523766933,9.94467635764061,7.640343365383236,15.544217526425436,11.944688234339985,7.635287165497398,8.210799957348346,14.504980149169885,5.38180557364737,12.933012720470437,14.325419847293292,7.806072244840686,11.632625282454994,11.737424887600028,14.478874149333958,10.287015032277981,11.425195894550821,14.45589916378114,6.194784101295358,9.698621708304497,6.420017640273005,1.4518934480431538,15.292517186805217,8.048461920199715,14.637225119795744,0.8778661322152566,16.908961580069636,8.44506487985664,11.592693321169785,14.342840678465631,4.993928375773156,14.24080291455727,patient_88
7.936190178538929,9.80777336326681,14.91820131744809,11.052922851538428,11.821225560313625,11.64410124150871,7.608186818227276,9.560875171312162,7.023112905579455,8.612700167907828,5.1581578657189295,13.257871512590178,8.436325890775663,7.031530385786586,1.7166433585276355,11.907978081205009,3.039850251522905,3.355345620708251,4.72829557168092,15.6768248836361,12.24208639429768,9.148024607244206,13.112375066263512,3.936253548550592,16.848405251459788,7.032162083721271,2.6750779776008864,7.149449564206403,12.174695511765554,9.525514533343296,5.3363385472286815,12.558133586064997,5.513791141693478,3.9439084388866172,7.85941831242388,11.79867637697736,12.484708811344287,8.29163988649654,8.96972167064185,4.0575356216617795,11.642600717619114,14.99846775315086,3.256838543894509,10.66299642480283,12.735033902729395,7.014447497796863,14.342833682742665,9.713838751988506,4.91193511957127,8.813529450742145,patient_89
19.751142484595505,13.319358069336756,17.289709877671314,8.635699273390234,17.446327594547412,10.080091325030772,17.505815659702137,5.3060498103257405,10.70107263764792,15.55571763565569,11.774370294179095,12.478647021614686,16.104867249439184,8.949037496740974,11.922827938952729,6.639465334768514,14.90558241916775,10.545949636025261,9.50846785725354,5.98436018055694,7.43224488844698,7.791587847589159,6.340068052371402,12.691623362389985,6.859178051288981,9.09137624824146,10.86886401046056,5.187343390931469,10.390715706229155,8.208642493708291,9.24656316762875,15.77239328745003,11.694363228844141,8.287125059942976,10.386072289569743,2.667273430998801,6.84899384456796,16.342311464804187,3.2202169107626073,4.480429008445251,9.359203673646872,11.237956002131122,17.19090785806538,10.359772525500468,13.974338832706852,11.94551980261789,8.287627376021124,8.384252076066437,11.327379712328684,12.59394438609818,patient_90
4.803133195887184,8.798839783109601,11.651755885603778,10.652610557694576,13.300221146710195,13.591971872299707,5.368927336488342,10.126897353763425,8.966677184076934,10.264698629779899,15.795991860876521,8.919058179978421,11.174544429650997,12.818507407143144,5.504603378239242,2.701013472569537,10.81311896787035,13.497472871536521,8.201388150027732,10.343356533599763,16.880100853350232,6.117785609403607,12.685985188767873,12.513405208816764,12.96682046242109,14.312409631298141,12.812937884740837,9.1480595358297,9.03720248035622,4.396112255772984,8.770873562967994,10.294976548682438,12.768606637207707,9.811208160782101,6.511953577065381,8.189571041141967,9.141517730541713,10.732624980661768,5.485729536741431,11.430227327158768,6.040792327564686,8.416469606082794,10.873221305505787,7.937770651180957,12.767621863957928,13.684756687774689,11.733726716025464,8.114231024992524,9.01710627402631,14.491517347702874,patient_91
16.747755908215638,13.737379002843996,13.18900824977469,10.541140306932736,4.050199301690868,7.593241664566403,7.715749241317082,14.536738355639613,6.788836434954541,6.918004480029683,12.431127589917024,9.198484904520068,9.908099429486874,15.324412813187122,12.685977200051214,10.582711103571171,6.753470416246155,10.323049494727432,3.327242438591712,17.864651876859842,7.188634302764392,6.58126718997207,13.565069760423748,5.440020192197957,9.1482013261822,9.332755952696232,9.547417921905645,5.287982390886232,8.818557091349906,10.068927203866895,13.12053098220886,9.07372312731101,13.908713113578552,6.1039497052410985,10.608876182825277,6.422787742316233,13.484597542352518,8.871406356697333,9.839879896022284,12.284857328317207,9.239825832468306,12.676333219204453,14.476863252584483,8.466594722338224,9.198518160613515,13.778315945997145,11.976700269403752,9.01073823541015,12.149782423754061,11.079813452328668,patient_92
10.079253851167826,11.925697239080836,8.489063478005514,5.72199705663826,7.9939279410993365,14.821947223476553,7.170736391793586,8.685172451030553,5.390114937580353,8.904102430016982,6.753978344039776,11.470305454073424,15.750200164898489,8.600547710687277,10.260314299515798,7.446787014669031,8.369869223165253,14.70688642607257,4.388854588423984,7.334428376123876,4.933629535658947,12.29488479010747,12.430435283989688,8.718722956694466,5.453858861288438,4.535921682090418,13.379881242948404,10.545454769879703,6.324816558408592,5.2075407094643555,16.33836536141881,8.07144033323008,5.343914032144172,12.631350793799223,10.934999717778279,13.791243652847964,15.312598339415743,5.162699459120869,5.673538195115029,17.03405715024811,6.352817893679138,8.259825912626628,9.028651092278896,11.245974257992449,6.621346723089888,7.679885839482163,12.719411990074683,9.025925994432082,8.661059868548078,3.465341638397623,patient_93
12.966274075676584,13.726146717929634,5.24850716859897,7.673626215004533,10.063281380902085,13.931601519913452,18.606841464848376,6.239090901310114,14.860403426238609,4.328608271648992,4.195529462536822,9.36585092642281,8.087074237262733,6.64849866444131,9.073549775784157,11.400886642598836,14.40872517150344,14.94688475805289,6.522900554419252,6.057091351481674,10.158992410345245,14.854814017921578,8.776206603596412,12.35596125265537,11.221510075935742,5.355462213478587,5.8650762905715235,4.327476600213878,14.4246605979144,5.875639127532346,9.425000007043112,5.845857288441618,12.633402263434778,8.372131545970072,15.150375745481204,14.263733801141159,8.245493812412462,8.415922409594186,3.5101020500697797,15.400156725921372,11.973097890582306,6.98894344032713,6.22881323752545,8.403318328856194,11.171358040948732,8.9509094834585,12.013103331746256,8.422045138701428,7.285985167699199,11.383901905201617,patient_94
10.73406430065123,6.058544856171437,12.958506297561824,14.626865039617664,11.468384278292616,10.022331513614262,11.380417421115771,10.029410137775308,16.980393514372857,4.705362656600622,4.103649575570464,5.893756217196172,11.190256907354948,6.359495827548377,7.067496666655097,8.982180995643915,12.107059928167784,12.696465678893034,5.526223094764056,4.489054895807118,7.797815835025911,3.4346215759472827,7.192375913945798,17.626049395421582,13.387459202129461,4.337770558575498,4.286046367434706,6.182566414438114,9.14005268400192,3.4034035093528923,7.651261915188335,9.832553834056228,7.738320577843411,8.788484572591987,9.45940046983531,8.95596421174386,14.871173604672457,15.315194400351873,2.3529894810641308,4.881434760926182,7.455676463767528,4.782107924122805,8.401044159748771,7.079458420835946,8.341627001201811,8.470122921971669,8.167796391592965,13.187542871808425,9.45395368207504,14.528372610978385,patient_95
12.146427356324983,18.461326745999354,11.67179859975576,7.038674202909405,11.380679795438137,5.796847072313541,7.204250620266958,10.142653971217738,12.34447631474352,9.682289810698272,14.274312662344071,11.766056233144493,13.81335696517656,7.288046896123354,15.728148075858256,11.25856582598392,10.064331386391197,5.44726858431676,16.495243902093062,9.608696259875598,10.270636335677244,9.521683641317495,10.714829619233337,13.372730427439866,12.739138289995005,11.765985461995655,16.65626648520209,9.963216002358934,13.539095507184745,13.865605827170002,9.162425966089454,11.18982544755261,13.502029486207347,5.868325070492702,9.369774237077975,3.4059307129708842,7.11256798530316,12.803907921041022,6.630965355046639,9.613889018014712,15.579044129167196,6.3801601224488795,11.216697465700692,18.350195966332418,15.697368761165954,6.541681173420336,7.3769774776425905,4.543588770946578,13.785017340421197,15.472225127564622,patient_96
13.416627407311982,12.146864354228036,17.338681660829554,16.846294983209173,13.075818121752583,10.129000227061265,11.780426386856806,6.077392911899717,10.653719863870895,9.21491494410596,3.683014053629637,7.133153593948383,11.357948756161093,9.453082755328179,8.852615399703382,11.510710415675593,8.224536589454436,10.134806888641743,9.87800078708911,11.334850043223963,4.506996339558512,11.38607459032068,11.228157955113739,12.413136148558323,12.833376677713183,9.992796452548733,7.181764537870215,12.407637547404985,15.906761373616096,10.603098353075227,12.050388504870423,16.14092439890321,9.334028498806727,8.978939979748214,10.98608581857744,10.472089657229828,8.888544104723614,8.520549253188461,9.249004310780295,13.303368123434652,9.582145293912372,10.133764906879348,8.589386762288221,9.462131764743877,8.894140920043588,14.946172616181798,6.079692399778992,12.892823140885346,12.608214410566685,2.9484995764309105,patient_97
12.373948484302428,12.210791685063896,10.106781404782353,8.61724249814126,15.601856718404214,8.54691579081235,11.23738267933362,10.404193813109496,13.405976314632984,10.876615740861933,16.029113198201852,14.160982752423138,9.309984115576487,8.297900145239705,16.995891416451137,14.224418124675227,14.855945959151464,7.892116264953344,14.395817362941193,8.346317273956885,9.821695125591312,15.79419771342021,5.898102713944784,14.770139835959688,12.14279582606977,16.438693487234556,6.499796197254318,12.367110703449475,14.046049764487702,11.375706477186725,3.893660997726749,20.763521603721156,8.551209789791228,16.201036140677253,6.616736646868441,6.4731818440265805,12.471900900994953,11.846410102636876,12.176827424752037,13.541268448070777,14.815865889861632,8.765769154899207,11.193444702968797,4.044662535332076,8.63436695303486,5.511466264984604,8.59187292744315,6.969076926787199,4.888130767573068,4.182880869246345,patient_98
11.463994448590054,11.819264557980192,9.597700311445774,9.40148336992169,13.503360715228604,7.592520286480315,16.518850843541724,2.936152012656274,11.527843932575268,8.004987907498009,9.75582080617787,13.58012993530001,5.306012290298182,6.419729391916959,8.230514188018065,14.568771317524899,10.23405044632443,8.908344555875761,8.341147492808327,8.353066839125589,12.52465688363313,3.681615770934399,9.192094932627274,6.243058313482601,7.949794332817164,10.914808122226805,10.522834419708847,7.997990959730076,10.923617987663226,6.312712339825465,7.547889899776546,18.991827424054737,13.34894099896307,1.2520872903654716,7.807297547884517,16.838300865594103,11.181848561121539,11.641648651134414,17.126664582401496,6.221286210776271,10.085555796309645,18.626034489569616,16.084625031260487,5.805265694142385,10.3525691800218,8.647908985977288,15.657545739944315,9.493411844721734,5.824780954471544,18.860517886862457,patient_99
13.817230200030831,11.247900676438887,0.5082025540440132,4.851410812770913,10.894917672232264,8.982265208367782,13.939539653869362,11.27678043920215,9.759018851912126,6.0188305327982246,5.330726229157139,12.272298670626279,8.060721039764248,8.229587297828363,10.538219755874922,11.783159772525963,13.618388156353536,7.738131904277037,6.231766147102224,15.401842433877594,12.580032311839332,7.662206228937295,4.005941541756255,3.6399257781628975,8.354369902533076,14.527836005590173,11.955410208438861,10.500865962355487,13.171227168620668,10.229230969487226,7.374766713091464,15.67948921559935,13.962007584141398,12.18901071946886,8.707691648465103,13.43171983836222,9.117915697950684,12.534821997974486,12.952440420515646,6.233897713134504,11.562567869343908,8.711658212911367,1.764736625182664,14.210280386416114,5.773925973177089,12.238884183122535,5.225125924035539,14.422742174330747,6.546867114982594,7.2081314101774705,patient_100
